DQ Byte0 / CH-A lower	B2	LP5_U0_DQ0	DQ0_A	offpage
DQ Byte0 / CH-A lower	D2	LP5_U0_DQ1	DQ1_A	offpage
DQ Byte0 / CH-A lower	C3	LP5_U0_DQ2	DQ2_A	offpage
DQ Byte0 / CH-A lower	B4	LP5_U0_DQ3	DQ3_A	offpage
DQ Byte0 / CH-A lower	G2	LP5_U0_DQ4	DQ4_A	offpage
DQ Byte0 / CH-A lower	H3	LP5_U0_DQ5	DQ5_A	offpage
DQ Byte0 / CH-A lower	J2	LP5_U0_DQ6	DQ6_A	offpage
DQ Byte0 / CH-A lower	J3	LP5_U0_DQ7	DQ7_A	offpage
DQ Byte0 / CH-A lower	G4	LP5_U0_DMI0	DMI0_A	offpage
DQ Byte0 / CH-A lower	F2	LP5_U0_RDQS0_T	RDQS0_t_A	offpage
DQ Byte0 / CH-A lower	E2	LP5_U0_RDQS0_C	RDQS0_c_A	offpage
DQ Byte1 / CH-A upper	B9	LP5_U0_DQ8	DQ8_A	offpage
DQ Byte1 / CH-A upper	B8	LP5_U0_DQ9	DQ9_A	offpage
DQ Byte1 / CH-A upper	C8	LP5_U0_DQ10	DQ10_A	offpage
DQ Byte1 / CH-A upper	B7	LP5_U0_DQ11	DQ11_A	offpage
DQ Byte1 / CH-A upper	H10	LP5_U0_DQ12	DQ12_A	offpage
DQ Byte1 / CH-A upper	J9	LP5_U0_DQ13	DQ13_A	offpage
DQ Byte1 / CH-A upper	J8	LP5_U0_DQ14	DQ14_A	offpage
DQ Byte1 / CH-A upper	K10	LP5_U0_DQ15	DQ15_A	offpage
DQ Byte1 / CH-A upper	E9	LP5_U0_DMI1	DMI1_A	offpage
DQ Byte1 / CH-A upper	F8	LP5_U0_RDQS1_T	RDQS1_t_A	offpage
DQ Byte1 / CH-A upper	G9	LP5_U0_RDQS1_C	RDQS1_c_A	offpage
DQ Byte2 / CH-B lower	Y10	LP5_U0_DQ16	DQ0_B	offpage
DQ Byte2 / CH-B lower	V10	LP5_U0_DQ17	DQ1_B	offpage
DQ Byte2 / CH-B lower	W9	LP5_U0_DQ18	DQ2_B	offpage
DQ Byte2 / CH-B lower	Y8	LP5_U0_DQ19	DQ3_B	offpage
DQ Byte2 / CH-B lower	R8	LP5_U0_DQ20	DQ4_B	offpage
DQ Byte2 / CH-B lower	P9	LP5_U0_DQ21	DQ5_B	offpage
DQ Byte2 / CH-B lower	N10	LP5_U0_DQ22	DQ6_B	offpage
DQ Byte2 / CH-B lower	N9	LP5_U0_DQ23	DQ7_B	offpage
DQ Byte2 / CH-B lower	R10	LP5_U0_DMI2	DMI0_B	offpage
DQ Byte2 / CH-B lower	T10	LP5_U0_RDQS2_T	RDQS0_t_B	offpage
DQ Byte2 / CH-B lower	U10	LP5_U0_RDQS2_C	RDQS0_c_B	offpage
DQ Byte3 / CH-B upper	Y3	LP5_U0_DQ24	DQ8_B	offpage
DQ Byte3 / CH-B upper	Y4	LP5_U0_DQ25	DQ9_B	offpage
DQ Byte3 / CH-B upper	W4	LP5_U0_DQ26	DQ10_B	offpage
DQ Byte3 / CH-B upper	Y5	LP5_U0_DQ27	DQ11_B	offpage
DQ Byte3 / CH-B upper	P2	LP5_U0_DQ28	DQ12_B	offpage
DQ Byte3 / CH-B upper	N3	LP5_U0_DQ29	DQ13_B	offpage
DQ Byte3 / CH-B upper	N4	LP5_U0_DQ30	DQ14_B	offpage
DQ Byte3 / CH-B upper	M2	LP5_U0_DQ31	DQ15_B	offpage
DQ Byte3 / CH-B upper	U3	LP5_U0_DMI3	DMI1_B	offpage
DQ Byte3 / CH-B upper	T4	LP5_U0_RDQS3_T	RDQS1_t_B	offpage
DQ Byte3 / CH-B upper	R3	LP5_U0_RDQS3_C	RDQS1_c_B	offpage
CA/CK/WCK/CS/RESET shared x32	C5	LP5_U0_CA0	CA0_A	offpage shared A/B
CA/CK/WCK/CS/RESET shared x32	W7	LP5_U0_CA0	CA0_B	offpage shared A/B
CA/CK/WCK/CS/RESET shared x32	D5	LP5_U0_CA1	CA1_A	offpage shared A/B
CA/CK/WCK/CS/RESET shared x32	V7	LP5_U0_CA1	CA1_B	offpage shared A/B
CA/CK/WCK/CS/RESET shared x32	F6	LP5_U0_CA2	CA2_A	offpage shared A/B
CA/CK/WCK/CS/RESET shared x32	T6	LP5_U0_CA2	CA2_B	offpage shared A/B
CA/CK/WCK/CS/RESET shared x32	K6	LP5_U0_CA3	CA3_A	offpage shared A/B
CA/CK/WCK/CS/RESET shared x32	M6	LP5_U0_CA3	CA3_B	offpage shared A/B
CA/CK/WCK/CS/RESET shared x32	K7	LP5_U0_CA4	CA4_A	offpage shared A/B
CA/CK/WCK/CS/RESET shared x32	M5	LP5_U0_CA4	CA4_B	offpage shared A/B
CA/CK/WCK/CS/RESET shared x32	H7	LP5_U0_CA5	CA5_A	offpage shared A/B
CA/CK/WCK/CS/RESET shared x32	P5	LP5_U0_CA5	CA5_B	offpage shared A/B
CA/CK/WCK/CS/RESET shared x32	G7	LP5_U0_CA6	CA6_A	offpage shared A/B
CA/CK/WCK/CS/RESET shared x32	R5	LP5_U0_CA6	CA6_B	offpage shared A/B
CA/CK/WCK/CS/RESET shared x32	H5	LP5_U0_CK_T	CK_t_A	offpage shared A/B
CA/CK/WCK/CS/RESET shared x32	P7	LP5_U0_CK_T	CK_t_B	offpage shared A/B
CA/CK/WCK/CS/RESET shared x32	J6	LP5_U0_CK_C	CK_c_A	offpage shared A/B
CA/CK/WCK/CS/RESET shared x32	N6	LP5_U0_CK_C	CK_c_B	offpage shared A/B
CA/CK/WCK/CS/RESET shared x32	E4	LP5_U0_WCK0_T	WCK0_t_A	offpage shared A/B
CA/CK/WCK/CS/RESET shared x32	U8	LP5_U0_WCK0_T	WCK0_t_B	offpage shared A/B
CA/CK/WCK/CS/RESET shared x32	D3	LP5_U0_WCK0_C	WCK0_c_A	offpage shared A/B
CA/CK/WCK/CS/RESET shared x32	V9	LP5_U0_WCK0_C	WCK0_c_B	offpage shared A/B
CA/CK/WCK/CS/RESET shared x32	D9	LP5_U0_WCK1_T	WCK1_t_A	offpage shared A/B
CA/CK/WCK/CS/RESET shared x32	V3	LP5_U0_WCK1_T	WCK1_t_B	offpage shared A/B
CA/CK/WCK/CS/RESET shared x32	E8	LP5_U0_WCK1_C	WCK1_c_A	offpage shared A/B
CA/CK/WCK/CS/RESET shared x32	U4	LP5_U0_WCK1_C	WCK1_c_B	offpage shared A/B
CA/CK/WCK/CS/RESET shared x32	D6	LP5_U0_CS0	CS0_A	offpage shared A/B
CA/CK/WCK/CS/RESET shared x32	V6	LP5_U0_CS0	CS0_B	offpage shared A/B
CA/CK/WCK/CS/RESET shared x32	E6	LP5_U0_CS1	CS1_A	offpage shared A/B
CA/CK/WCK/CS/RESET shared x32	U6	LP5_U0_CS1	CS1_B	offpage shared A/B
CA/CK/WCK/CS/RESET shared x32	Y2	LP5_U0_RESET_N	RESET_N	offpage
ZQ local resistor	J15	LP5_U0_ZQ_A_C_240R_TO_VDDQ	ZQ_A_C	local, not FPGA offpage
ZQ local resistor	N7	LP5_U0_ZQ_B_D_240R_TO_VDDQ	ZQ_B_D	local, not FPGA offpage
