DQ Byte0 / CH-A lower	D1	LP5_U1_DQ0	DQ0_A	offpage
DQ Byte0 / CH-A lower	C2	LP5_U1_DQ1	DQ1_A	offpage
DQ Byte0 / CH-A lower	E2	LP5_U1_DQ2	DQ2_A	offpage
DQ Byte0 / CH-A lower	D3	LP5_U1_DQ3	DQ3_A	offpage
DQ Byte0 / CH-A lower	B5	LP5_U1_DQ4	DQ4_A	offpage
DQ Byte0 / CH-A lower	C6	LP5_U1_DQ5	DQ5_A	offpage
DQ Byte0 / CH-A lower	E6	LP5_U1_DQ6	DQ6_A	offpage
DQ Byte0 / CH-A lower	F5	LP5_U1_DQ7	DQ7_A	offpage
DQ Byte0 / CH-A lower	A4	LP5_U1_DMI0	DMI0_A	offpage
DQ Byte0 / CH-A lower	B3	LP5_U1_RDQS0_T	RDQS0_t_A	offpage
DQ Byte0 / CH-A lower	C4	LP5_U1_RDQS0_C	RDQS0_c_A	offpage
DQ Byte1 / CH-A upper	D15	LP5_U1_DQ8	DQ8_A	offpage
DQ Byte1 / CH-A upper	C14	LP5_U1_DQ9	DQ9_A	offpage
DQ Byte1 / CH-A upper	E14	LP5_U1_DQ10	DQ10_A	offpage
DQ Byte1 / CH-A upper	D13	LP5_U1_DQ11	DQ11_A	offpage
DQ Byte1 / CH-A upper	B11	LP5_U1_DQ12	DQ12_A	offpage
DQ Byte1 / CH-A upper	C10	LP5_U1_DQ13	DQ13_A	offpage
DQ Byte1 / CH-A upper	E10	LP5_U1_DQ14	DQ14_A	offpage
DQ Byte1 / CH-A upper	F11	LP5_U1_DQ15	DQ15_A	offpage
DQ Byte1 / CH-A upper	A12	LP5_U1_DMI1	DMI1_A	offpage
DQ Byte1 / CH-A upper	B13	LP5_U1_RDQS1_T	RDQS1_t_A	offpage
DQ Byte1 / CH-A upper	C12	LP5_U1_RDQS1_C	RDQS1_c_A	offpage
DQ Byte2 / CH-B lower	V15	LP5_U1_DQ16	DQ0_B	offpage
DQ Byte2 / CH-B lower	W14	LP5_U1_DQ17	DQ1_B	offpage
DQ Byte2 / CH-B lower	U14	LP5_U1_DQ18	DQ2_B	offpage
DQ Byte2 / CH-B lower	V13	LP5_U1_DQ19	DQ3_B	offpage
DQ Byte2 / CH-B lower	Y11	LP5_U1_DQ20	DQ4_B	offpage
DQ Byte2 / CH-B lower	W10	LP5_U1_DQ21	DQ5_B	offpage
DQ Byte2 / CH-B lower	U10	LP5_U1_DQ22	DQ6_B	offpage
DQ Byte2 / CH-B lower	T11	LP5_U1_DQ23	DQ7_B	offpage
DQ Byte2 / CH-B lower	AA12	LP5_U1_DMI2	DMI0_B	offpage
DQ Byte2 / CH-B lower	Y13	LP5_U1_RDQS2_T	RDQS0_t_B	offpage
DQ Byte2 / CH-B lower	W12	LP5_U1_RDQS2_C	RDQS0_c_B	offpage
DQ Byte3 / CH-B upper	V1	LP5_U1_DQ24	DQ8_B	offpage
DQ Byte3 / CH-B upper	W2	LP5_U1_DQ25	DQ9_B	offpage
DQ Byte3 / CH-B upper	U2	LP5_U1_DQ26	DQ10_B	offpage
DQ Byte3 / CH-B upper	V3	LP5_U1_DQ27	DQ11_B	offpage
DQ Byte3 / CH-B upper	Y5	LP5_U1_DQ28	DQ12_B	offpage
DQ Byte3 / CH-B upper	W6	LP5_U1_DQ29	DQ13_B	offpage
DQ Byte3 / CH-B upper	U6	LP5_U1_DQ30	DQ14_B	offpage
DQ Byte3 / CH-B upper	T5	LP5_U1_DQ31	DQ15_B	offpage
DQ Byte3 / CH-B upper	AA4	LP5_U1_DMI3	DMI1_B	offpage
DQ Byte3 / CH-B upper	Y3	LP5_U1_RDQS3_T	RDQS1_t_B	offpage
DQ Byte3 / CH-B upper	W4	LP5_U1_RDQS3_C	RDQS1_c_B	offpage
CA/CK/WCK/CS/RESET shared x32	G4	LP5_U1_CA0	CA0_A	offpage shared A/B
CA/CK/WCK/CS/RESET shared x32	R12	LP5_U1_CA0	CA0_B	offpage shared A/B
CA/CK/WCK/CS/RESET shared x32	H5	LP5_U1_CA1	CA1_A	offpage shared A/B
CA/CK/WCK/CS/RESET shared x32	P11	LP5_U1_CA1	CA1_B	offpage shared A/B
CA/CK/WCK/CS/RESET shared x32	G8	LP5_U1_CA2	CA2_A	offpage shared A/B
CA/CK/WCK/CS/RESET shared x32	R8	LP5_U1_CA2	CA2_B	offpage shared A/B
CA/CK/WCK/CS/RESET shared x32	H11	LP5_U1_CA3	CA3_A	offpage shared A/B
CA/CK/WCK/CS/RESET shared x32	P5	LP5_U1_CA3	CA3_B	offpage shared A/B
CA/CK/WCK/CS/RESET shared x32	G10	LP5_U1_CA4	CA4_A	offpage shared A/B
CA/CK/WCK/CS/RESET shared x32	R6	LP5_U1_CA4	CA4_B	offpage shared A/B
CA/CK/WCK/CS/RESET shared x32	H13	LP5_U1_CA5	CA5_A	offpage shared A/B
CA/CK/WCK/CS/RESET shared x32	P3	LP5_U1_CA5	CA5_B	offpage shared A/B
CA/CK/WCK/CS/RESET shared x32	G12	LP5_U1_CA6	CA6_A	offpage shared A/B
CA/CK/WCK/CS/RESET shared x32	R4	LP5_U1_CA6	CA6_B	offpage shared A/B
CA/CK/WCK/CS/RESET shared x32	H9	LP5_U1_CK_T	CK_t_A	offpage shared A/B
CA/CK/WCK/CS/RESET shared x32	P7	LP5_U1_CK_T	CK_t_B	offpage shared A/B
CA/CK/WCK/CS/RESET shared x32	J9	LP5_U1_CK_C	CK_c_A	offpage shared A/B
CA/CK/WCK/CS/RESET shared x32	N7	LP5_U1_CK_C	CK_c_B	offpage shared A/B
CA/CK/WCK/CS/RESET shared x32	E4	LP5_U1_WCK0_T	WCK0_t_A	offpage shared A/B
CA/CK/WCK/CS/RESET shared x32	U12	LP5_U1_WCK0_T	WCK0_t_B	offpage shared A/B
CA/CK/WCK/CS/RESET shared x32	D5	LP5_U1_WCK0_C	WCK0_c_A	offpage shared A/B
CA/CK/WCK/CS/RESET shared x32	V11	LP5_U1_WCK0_C	WCK0_c_B	offpage shared A/B
CA/CK/WCK/CS/RESET shared x32	E12	LP5_U1_WCK1_T	WCK1_t_A	offpage shared A/B
CA/CK/WCK/CS/RESET shared x32	U4	LP5_U1_WCK1_T	WCK1_t_B	offpage shared A/B
CA/CK/WCK/CS/RESET shared x32	D11	LP5_U1_WCK1_C	WCK1_c_A	offpage shared A/B
CA/CK/WCK/CS/RESET shared x32	V5	LP5_U1_WCK1_C	WCK1_c_B	offpage shared A/B
CA/CK/WCK/CS/RESET shared x32	H7	LP5_U1_CS0	CS0_A	offpage shared A/B
CA/CK/WCK/CS/RESET shared x32	P9	LP5_U1_CS0	CS0_B	offpage shared A/B
CA/CK/WCK/CS/RESET shared x32	G6	LP5_U1_CS1	CS1_A	offpage shared A/B
CA/CK/WCK/CS/RESET shared x32	R10	LP5_U1_CS1	CS1_B	offpage shared A/B
CA/CK/WCK/CS/RESET shared x32	H1	LP5_U1_RESET_N	RESET_N	offpage
ZQ local resistor	H15	LP5_U1_ZQ_A_240R_TO_VDDQ	ZQ_A	local, not FPGA offpage
